{
	"CallerReference": "cli-1617492943-684742",
            "Aliases": {
                "Quantity": 0
            },
            "DefaultRootObject": "index.html",
                "Origins": {
                    "Quantity": 1,
                    "Items": [
                        {
                            "Id": "my-242437545548-bucket.s3.amazonaws.com-1617492943-160608",
                            "DomainName": "my-242437545548-bucket.s3.amazonaws.com",
                            "OriginPath": "",
                            "CustomHeaders": {
                                "Quantity": 0
                            },
                            "S3OriginConfig": {
                                "OriginAccessIdentity": "origin-access-identity/cloudfront/EE3T9GBNBTIX2"
                            },
                            "ConnectionAttempts": 3,
                            "ConnectionTimeout": 10,
                            "OriginShield": {
                                "Enabled": false
                            }
                        }
                    ]
                },
                "OriginGroups": {
                    "Quantity": 0
                },
                "DefaultCacheBehavior": {
                    "TargetOriginId": "my-242437545548-bucket.s3.amazonaws.com-1617492943-160608",
                    "TrustedSigners": {
                        "Enabled": false,
                        "Quantity": 0
                    },
                    "TrustedKeyGroups": {
                        "Enabled": false,
                        "Quantity": 0
                    },
                    "ViewerProtocolPolicy": "redirect-to-https",
                    "AllowedMethods": {
                        "Quantity": 2,
                        "Items": [
                            "HEAD",
                            "GET"
                        ],
                        "CachedMethods": {
                            "Quantity": 2,
                            "Items": [
                                "HEAD",
                                "GET"
                            ]
                        }
                    },
                    "SmoothStreaming": false,
                    "Compress": false,
                    "LambdaFunctionAssociations": {
                        "Quantity": 0
                    },
                    "FieldLevelEncryptionId": "",
                    "ForwardedValues": {
                        "QueryString": false,
                        "Cookies": {
                            "Forward": "none"
                        },
                        "Headers": {
                            "Quantity": 0
                        },
                        "QueryStringCacheKeys": {
                            "Quantity": 0
                        }
                    },
                    "MinTTL": 0,
                    "DefaultTTL": 86400,
                    "MaxTTL": 31536000
                },
                "CacheBehaviors": {
                    "Quantity": 0
                },
                "CustomErrorResponses": {
                    "Quantity": 0
                },
                "Comment": "",
                "PriceClass": "PriceClass_All",
                "Enabled": true,
                "ViewerCertificate": {
                    "CloudFrontDefaultCertificate": true,
                    "MinimumProtocolVersion": "TLSv1",
                    "CertificateSource": "cloudfront"
                },
                "Restrictions": {
                    "GeoRestriction": {
                        "RestrictionType": "none",
                        "Quantity": 0
                    }
                },
                "WebACLId": "",
                "HttpVersion": "http2",
                "IsIPV6Enabled": true
}
